mobility_model,cmr,seed,scheme,total_cost
random_walk,0.2,1001,Static Movement-based,4637.0
random_walk,0.2,1001,Static Distance-based,2447.0
random_walk,0.2,1001,Static Time-based,5147.0
random_walk,0.2,1001,AM-RL-LU (Q-learning),6183.0
random_walk,0.2,1001,AM-RL-LU (DQN),5769.0
random_walk,0.2,1002,Static Movement-based,4016.0
random_walk,0.2,1002,Static Distance-based,2016.0
random_walk,0.2,1002,Static Time-based,4786.0
random_walk,0.2,1002,AM-RL-LU (Q-learning),5714.0
random_walk,0.2,1002,AM-RL-LU (DQN),5344.0
random_walk,0.2,1003,Static Movement-based,3562.0
random_walk,0.2,1003,Static Distance-based,1692.0
random_walk,0.2,1003,Static Time-based,4482.0
random_walk,0.2,1003,AM-RL-LU (Q-learning),5188.0
random_walk,0.2,1003,AM-RL-LU (DQN),4688.0
random_walk,0.2,1004,Static Movement-based,3675.0
random_walk,0.2,1004,Static Distance-based,1645.0
random_walk,0.2,1004,Static Time-based,4425.0
random_walk,0.2,1004,AM-RL-LU (Q-learning),5041.0
random_walk,0.2,1004,AM-RL-LU (DQN),5057.0
random_walk,0.2,1005,Static Movement-based,3163.0
random_walk,0.2,1005,Static Distance-based,1493.0
random_walk,0.2,1005,Static Time-based,4273.0
random_walk,0.2,1005,AM-RL-LU (Q-learning),4257.0
random_walk,0.2,1005,AM-RL-LU (DQN),4325.0
random_walk,0.5,1001,Static Movement-based,6688.0
random_walk,0.5,1001,Static Distance-based,4936.0
random_walk,0.5,1001,Static Time-based,7636.0
random_walk,0.5,1001,AM-RL-LU (Q-learning),9136.0
random_walk,0.5,1001,AM-RL-LU (DQN),6962.0
random_walk,0.5,1002,Static Movement-based,6087.0
random_walk,0.5,1002,Static Distance-based,4619.0
random_walk,0.5,1002,Static Time-based,7389.0
random_walk,0.5,1002,AM-RL-LU (Q-learning),10103.0
random_walk,0.5,1002,AM-RL-LU (DQN),6483.0
random_walk,0.5,1003,Static Movement-based,5602.0
random_walk,0.5,1003,Static Distance-based,4124.0
random_walk,0.5,1003,Static Time-based,6914.0
random_walk,0.5,1003,AM-RL-LU (Q-learning),6590.0
random_walk,0.5,1003,AM-RL-LU (DQN),5770.0
random_walk,0.5,1004,Static Movement-based,5942.0
random_walk,0.5,1004,Static Distance-based,4134.0
random_walk,0.5,1004,Static Time-based,6914.0
random_walk,0.5,1004,AM-RL-LU (Q-learning),8216.0
random_walk,0.5,1004,AM-RL-LU (DQN),6208.0
random_walk,0.5,1005,Static Movement-based,5015.0
random_walk,0.5,1005,Static Distance-based,3545.0
random_walk,0.5,1005,Static Time-based,6325.0
random_walk,0.5,1005,AM-RL-LU (Q-learning),6147.0
random_walk,0.5,1005,AM-RL-LU (DQN),5219.0
random_walk,1.0,1001,Static Movement-based,8452.0
random_walk,1.0,1001,Static Distance-based,8452.0
random_walk,1.0,1001,Static Time-based,9472.0
random_walk,1.0,1001,AM-RL-LU (Q-learning),11204.0
random_walk,1.0,1001,AM-RL-LU (DQN),9314.0
random_walk,1.0,1002,Static Movement-based,7494.0
random_walk,1.0,1002,Static Distance-based,7494.0
random_walk,1.0,1002,Static Time-based,9024.0
random_walk,1.0,1002,AM-RL-LU (Q-learning),11914.0
random_walk,1.0,1002,AM-RL-LU (DQN),8388.0
random_walk,1.0,1003,Static Movement-based,7191.0
random_walk,1.0,1003,Static Distance-based,7191.0
random_walk,1.0,1003,Static Time-based,9031.0
random_walk,1.0,1003,AM-RL-LU (Q-learning),11155.0
random_walk,1.0,1003,AM-RL-LU (DQN),7677.0
random_walk,1.0,1004,Static Movement-based,7559.0
random_walk,1.0,1004,Static Distance-based,7559.0
random_walk,1.0,1004,Static Time-based,9059.0
random_walk,1.0,1004,AM-RL-LU (Q-learning),11613.0
random_walk,1.0,1004,AM-RL-LU (DQN),8335.0
random_walk,1.0,1005,Static Movement-based,6415.0
random_walk,1.0,1005,Static Distance-based,6415.0
random_walk,1.0,1005,Static Time-based,8625.0
random_walk,1.0,1005,AM-RL-LU (Q-learning),10439.0
random_walk,1.0,1005,AM-RL-LU (DQN),6799.0
random_walk,2.0,1001,Static Movement-based,12022.0
random_walk,2.0,1001,Static Distance-based,12022.0
random_walk,2.0,1001,Static Time-based,13042.0
random_walk,2.0,1001,AM-RL-LU (Q-learning),15954.0
random_walk,2.0,1001,AM-RL-LU (DQN),13826.0
random_walk,2.0,1002,Static Movement-based,10707.0
random_walk,2.0,1002,Static Distance-based,10707.0
random_walk,2.0,1002,Static Time-based,12237.0
random_walk,2.0,1002,AM-RL-LU (Q-learning),15537.0
random_walk,2.0,1002,AM-RL-LU (DQN),12237.0
random_walk,2.0,1003,Static Movement-based,9935.0
random_walk,2.0,1003,Static Distance-based,9935.0
random_walk,2.0,1003,Static Time-based,11775.0
random_walk,2.0,1003,AM-RL-LU (Q-learning),15035.0
random_walk,2.0,1003,AM-RL-LU (DQN),11057.0
random_walk,2.0,1004,Static Movement-based,10583.0
random_walk,2.0,1004,Static Distance-based,10583.0
random_walk,2.0,1004,Static Time-based,12083.0
random_walk,2.0,1004,AM-RL-LU (Q-learning),13445.0
random_walk,2.0,1004,AM-RL-LU (DQN),11659.0
random_walk,2.0,1005,Static Movement-based,9040.0
random_walk,2.0,1005,Static Distance-based,9040.0
random_walk,2.0,1005,Static Time-based,11250.0
random_walk,2.0,1005,AM-RL-LU (Q-learning),14002.0
random_walk,2.0,1005,AM-RL-LU (DQN),10054.0
random_walk,5.0,1001,Static Movement-based,22347.0
random_walk,5.0,1001,Static Distance-based,22347.0
random_walk,5.0,1001,Static Time-based,23367.0
random_walk,5.0,1001,AM-RL-LU (Q-learning),32333.0
random_walk,5.0,1001,AM-RL-LU (DQN),26131.0
random_walk,5.0,1002,Static Movement-based,20101.0
random_walk,5.0,1002,Static Distance-based,20101.0
random_walk,5.0,1002,Static Time-based,21631.0
random_walk,5.0,1002,AM-RL-LU (Q-learning),32219.0
random_walk,5.0,1002,AM-RL-LU (DQN),23575.0
random_walk,5.0,1003,Static Movement-based,18783.0
random_walk,5.0,1003,Static Distance-based,18783.0
random_walk,5.0,1003,Static Time-based,20623.0
random_walk,5.0,1003,AM-RL-LU (Q-learning),30935.0
random_walk,5.0,1003,AM-RL-LU (DQN),21699.0
random_walk,5.0,1004,Static Movement-based,20047.0
random_walk,5.0,1004,Static Distance-based,20047.0
random_walk,5.0,1004,Static Time-based,21547.0
random_walk,5.0,1004,AM-RL-LU (Q-learning),27279.0
random_walk,5.0,1004,AM-RL-LU (DQN),23121.0
random_walk,5.0,1005,Static Movement-based,16964.0
random_walk,5.0,1005,Static Distance-based,16964.0
random_walk,5.0,1005,Static Time-based,19174.0
random_walk,5.0,1005,AM-RL-LU (Q-learning),24966.0
random_walk,5.0,1005,AM-RL-LU (DQN),19634.0
fluid_flow,0.2,1001,Static Movement-based,4843.0
fluid_flow,0.2,1001,Static Distance-based,4213.0
fluid_flow,0.2,1001,Static Time-based,5223.0
fluid_flow,0.2,1001,AM-RL-LU (Q-learning),36747.0
fluid_flow,0.2,1001,AM-RL-LU (DQN),6097.0
fluid_flow,0.2,1002,Static Movement-based,5136.0
fluid_flow,0.2,1002,Static Distance-based,4526.0
fluid_flow,0.2,1002,Static Time-based,5356.0
fluid_flow,0.2,1002,AM-RL-LU (Q-learning),47902.0
fluid_flow,0.2,1002,AM-RL-LU (DQN),6698.0
fluid_flow,0.2,1003,Static Movement-based,4695.0
fluid_flow,0.2,1003,Static Distance-based,3995.0
fluid_flow,0.2,1003,Static Time-based,4995.0
fluid_flow,0.2,1003,AM-RL-LU (Q-learning),35197.0
fluid_flow,0.2,1003,AM-RL-LU (DQN),6037.0
fluid_flow,0.2,1004,Static Movement-based,4478.0
fluid_flow,0.2,1004,Static Distance-based,3918.0
fluid_flow,0.2,1004,Static Time-based,4748.0
fluid_flow,0.2,1004,AM-RL-LU (Q-learning),36652.0
fluid_flow,0.2,1004,AM-RL-LU (DQN),6204.0
fluid_flow,0.2,1005,Static Movement-based,4404.0
fluid_flow,0.2,1005,Static Distance-based,3834.0
fluid_flow,0.2,1005,Static Time-based,4824.0
fluid_flow,0.2,1005,AM-RL-LU (Q-learning),35990.0
fluid_flow,0.2,1005,AM-RL-LU (DQN),5828.0
fluid_flow,0.5,1001,Static Movement-based,7070.0
fluid_flow,0.5,1001,Static Distance-based,6930.0
fluid_flow,0.5,1001,Static Time-based,7820.0
fluid_flow,0.5,1001,AM-RL-LU (Q-learning),60740.0
fluid_flow,0.5,1001,AM-RL-LU (DQN),7428.0
fluid_flow,0.5,1002,Static Movement-based,7527.0
fluid_flow,0.5,1002,Static Distance-based,7509.0
fluid_flow,0.5,1002,Static Time-based,7967.0
fluid_flow,0.5,1002,AM-RL-LU (Q-learning),30287.0
fluid_flow,0.5,1002,AM-RL-LU (DQN),7977.0
fluid_flow,0.5,1003,Static Movement-based,7332.0
fluid_flow,0.5,1003,Static Distance-based,7244.0
fluid_flow,0.5,1003,Static Time-based,7932.0
fluid_flow,0.5,1003,AM-RL-LU (Q-learning),32876.0
fluid_flow,0.5,1003,AM-RL-LU (DQN),7474.0
fluid_flow,0.5,1004,Static Movement-based,7227.0
fluid_flow,0.5,1004,Static Distance-based,6939.0
fluid_flow,0.5,1004,Static Time-based,7757.0
fluid_flow,0.5,1004,AM-RL-LU (Q-learning),58701.0
fluid_flow,0.5,1004,AM-RL-LU (DQN),7527.0
fluid_flow,0.5,1005,Static Movement-based,6864.0
fluid_flow,0.5,1005,Static Distance-based,6608.0
fluid_flow,0.5,1005,Static Time-based,7598.0
fluid_flow,0.5,1005,AM-RL-LU (Q-learning),73226.0
fluid_flow,0.5,1005,AM-RL-LU (DQN),7072.0
fluid_flow,1.0,1001,Static Movement-based,8925.0
fluid_flow,1.0,1001,Static Distance-based,8925.0
fluid_flow,1.0,1001,Static Time-based,9675.0
fluid_flow,1.0,1001,AM-RL-LU (Q-learning),10907.0
fluid_flow,1.0,1001,AM-RL-LU (DQN),9817.0
fluid_flow,1.0,1002,Static Movement-based,9410.0
fluid_flow,1.0,1002,Static Distance-based,9410.0
fluid_flow,1.0,1002,Static Time-based,9850.0
fluid_flow,1.0,1002,AM-RL-LU (Q-learning),10942.0
fluid_flow,1.0,1002,AM-RL-LU (DQN),10370.0
fluid_flow,1.0,1003,Static Movement-based,9236.0
fluid_flow,1.0,1003,Static Distance-based,9236.0
fluid_flow,1.0,1003,Static Time-based,9836.0
fluid_flow,1.0,1003,AM-RL-LU (Q-learning),11534.0
fluid_flow,1.0,1003,AM-RL-LU (DQN),9888.0
fluid_flow,1.0,1004,Static Movement-based,9110.0
fluid_flow,1.0,1004,Static Distance-based,9110.0
fluid_flow,1.0,1004,Static Time-based,9640.0
fluid_flow,1.0,1004,AM-RL-LU (Q-learning),13346.0
fluid_flow,1.0,1004,AM-RL-LU (DQN),9806.0
fluid_flow,1.0,1005,Static Movement-based,8747.0
fluid_flow,1.0,1005,Static Distance-based,8747.0
fluid_flow,1.0,1005,Static Time-based,9577.0
fluid_flow,1.0,1005,AM-RL-LU (Q-learning),11137.0
fluid_flow,1.0,1005,AM-RL-LU (DQN),9435.0
fluid_flow,2.0,1001,Static Movement-based,12698.0
fluid_flow,2.0,1001,Static Distance-based,12698.0
fluid_flow,2.0,1001,Static Time-based,13448.0
fluid_flow,2.0,1001,AM-RL-LU (Q-learning),16280.0
fluid_flow,2.0,1001,AM-RL-LU (DQN),14544.0
fluid_flow,2.0,1002,Static Movement-based,13379.0
fluid_flow,2.0,1002,Static Distance-based,13379.0
fluid_flow,2.0,1002,Static Time-based,13819.0
fluid_flow,2.0,1002,AM-RL-LU (Q-learning),16899.0
fluid_flow,2.0,1002,AM-RL-LU (DQN),15539.0
fluid_flow,2.0,1003,Static Movement-based,12855.0
fluid_flow,2.0,1003,Static Distance-based,12855.0
fluid_flow,2.0,1003,Static Time-based,13455.0
fluid_flow,2.0,1003,AM-RL-LU (Q-learning),16225.0
fluid_flow,2.0,1003,AM-RL-LU (DQN),14341.0
fluid_flow,2.0,1004,Static Movement-based,12890.0
fluid_flow,2.0,1004,Static Distance-based,12890.0
fluid_flow,2.0,1004,Static Time-based,13420.0
fluid_flow,2.0,1004,AM-RL-LU (Q-learning),15536.0
fluid_flow,2.0,1004,AM-RL-LU (DQN),14168.0
fluid_flow,2.0,1005,Static Movement-based,12212.0
fluid_flow,2.0,1005,Static Distance-based,12212.0
fluid_flow,2.0,1005,Static Time-based,13042.0
fluid_flow,2.0,1005,AM-RL-LU (Q-learning),14548.0
fluid_flow,2.0,1005,AM-RL-LU (DQN),13494.0
fluid_flow,5.0,1001,Static Movement-based,23569.0
fluid_flow,5.0,1001,Static Distance-based,23569.0
fluid_flow,5.0,1001,Static Time-based,24319.0
fluid_flow,5.0,1001,AM-RL-LU (Q-learning),31795.0
fluid_flow,5.0,1001,AM-RL-LU (DQN),27467.0
fluid_flow,5.0,1002,Static Movement-based,25055.0
fluid_flow,5.0,1002,Static Distance-based,25055.0
fluid_flow,5.0,1002,Static Time-based,25495.0
fluid_flow,5.0,1002,AM-RL-LU (Q-learning),33519.0
fluid_flow,5.0,1002,AM-RL-LU (DQN),29099.0
fluid_flow,5.0,1003,Static Movement-based,24265.0
fluid_flow,5.0,1003,Static Distance-based,24265.0
fluid_flow,5.0,1003,Static Time-based,24865.0
fluid_flow,5.0,1003,AM-RL-LU (Q-learning),34377.0
fluid_flow,5.0,1003,AM-RL-LU (DQN),28127.0
fluid_flow,5.0,1004,Static Movement-based,24587.0
fluid_flow,5.0,1004,Static Distance-based,24587.0
fluid_flow,5.0,1004,Static Time-based,25117.0
fluid_flow,5.0,1004,AM-RL-LU (Q-learning),32825.0
fluid_flow,5.0,1004,AM-RL-LU (DQN),28577.0
fluid_flow,5.0,1005,Static Movement-based,23062.0
fluid_flow,5.0,1005,Static Distance-based,23062.0
fluid_flow,5.0,1005,Static Time-based,23892.0
fluid_flow,5.0,1005,AM-RL-LU (Q-learning),30030.0
fluid_flow,5.0,1005,AM-RL-LU (DQN),26768.0
gauss_markov,0.2,1001,Static Movement-based,4480.0
gauss_markov,0.2,1001,Static Distance-based,4120.0
gauss_markov,0.2,1001,Static Time-based,5090.0
gauss_markov,0.2,1001,AM-RL-LU (Q-learning),7190.0
gauss_markov,0.2,1001,AM-RL-LU (DQN),5588.0
gauss_markov,0.2,1002,Static Movement-based,4181.0
gauss_markov,0.2,1002,Static Distance-based,3851.0
gauss_markov,0.2,1002,Static Time-based,4881.0
gauss_markov,0.2,1002,AM-RL-LU (Q-learning),6275.0
gauss_markov,0.2,1002,AM-RL-LU (DQN),5519.0
gauss_markov,0.2,1003,Static Movement-based,3739.0
gauss_markov,0.2,1003,Static Distance-based,3469.0
gauss_markov,0.2,1003,Static Time-based,4539.0
gauss_markov,0.2,1003,AM-RL-LU (Q-learning),4859.0
gauss_markov,0.2,1003,AM-RL-LU (DQN),4909.0
gauss_markov,0.2,1004,Static Movement-based,3976.0
gauss_markov,0.2,1004,Static Distance-based,3636.0
gauss_markov,0.2,1004,Static Time-based,4596.0
gauss_markov,0.2,1004,AM-RL-LU (Q-learning),10802.0
gauss_markov,0.2,1004,AM-RL-LU (DQN),5340.0
gauss_markov,0.2,1005,Static Movement-based,3702.0
gauss_markov,0.2,1005,Static Distance-based,3472.0
gauss_markov,0.2,1005,Static Time-based,4482.0
gauss_markov,0.2,1005,AM-RL-LU (Q-learning),9046.0
gauss_markov,0.2,1005,AM-RL-LU (DQN),4992.0
gauss_markov,0.5,1001,Static Movement-based,6449.0
gauss_markov,0.5,1001,Static Distance-based,6449.0
gauss_markov,0.5,1001,Static Time-based,7503.0
gauss_markov,0.5,1001,AM-RL-LU (Q-learning),21117.0
gauss_markov,0.5,1001,AM-RL-LU (DQN),6753.0
gauss_markov,0.5,1002,Static Movement-based,6266.0
gauss_markov,0.5,1002,Static Distance-based,6266.0
gauss_markov,0.5,1002,Static Time-based,7522.0
gauss_markov,0.5,1002,AM-RL-LU (Q-learning),32118.0
gauss_markov,0.5,1002,AM-RL-LU (DQN),6756.0
gauss_markov,0.5,1003,Static Movement-based,5961.0
gauss_markov,0.5,1003,Static Distance-based,5961.0
gauss_markov,0.5,1003,Static Time-based,7237.0
gauss_markov,0.5,1003,AM-RL-LU (Q-learning),30535.0
gauss_markov,0.5,1003,AM-RL-LU (DQN),6089.0
gauss_markov,0.5,1004,Static Movement-based,6331.0
gauss_markov,0.5,1004,Static Distance-based,6277.0
gauss_markov,0.5,1004,Static Time-based,7237.0
gauss_markov,0.5,1004,AM-RL-LU (Q-learning),36475.0
gauss_markov,0.5,1004,AM-RL-LU (DQN),6547.0
gauss_markov,0.5,1005,Static Movement-based,5882.0
gauss_markov,0.5,1005,Static Distance-based,5882.0
gauss_markov,0.5,1005,Static Time-based,6914.0
gauss_markov,0.5,1005,AM-RL-LU (Q-learning),23586.0
gauss_markov,0.5,1005,AM-RL-LU (DQN),6056.0
gauss_markov,1.0,1001,Static Movement-based,8157.0
gauss_markov,1.0,1001,Static Distance-based,8157.0
gauss_markov,1.0,1001,Static Time-based,9367.0
gauss_markov,1.0,1001,AM-RL-LU (Q-learning),20723.0
gauss_markov,1.0,1001,AM-RL-LU (DQN),9049.0
gauss_markov,1.0,1002,Static Movement-based,7694.0
gauss_markov,1.0,1002,Static Distance-based,7694.0
gauss_markov,1.0,1002,Static Time-based,9094.0
gauss_markov,1.0,1002,AM-RL-LU (Q-learning),22546.0
gauss_markov,1.0,1002,AM-RL-LU (DQN),8598.0
gauss_markov,1.0,1003,Static Movement-based,7613.0
gauss_markov,1.0,1003,Static Distance-based,7613.0
gauss_markov,1.0,1003,Static Time-based,9213.0
gauss_markov,1.0,1003,AM-RL-LU (Q-learning),15277.0
gauss_markov,1.0,1003,AM-RL-LU (DQN),8227.0
gauss_markov,1.0,1004,Static Movement-based,7997.0
gauss_markov,1.0,1004,Static Distance-based,7997.0
gauss_markov,1.0,1004,Static Time-based,9227.0
gauss_markov,1.0,1004,AM-RL-LU (Q-learning),13723.0
gauss_markov,1.0,1004,AM-RL-LU (DQN),8723.0
gauss_markov,1.0,1005,Static Movement-based,7464.0
gauss_markov,1.0,1005,Static Distance-based,7464.0
gauss_markov,1.0,1005,Static Time-based,9024.0
gauss_markov,1.0,1005,AM-RL-LU (Q-learning),17806.0
gauss_markov,1.0,1005,AM-RL-LU (DQN),7854.0
gauss_markov,2.0,1001,Static Movement-based,11566.0
gauss_markov,2.0,1001,Static Distance-based,11566.0
gauss_markov,2.0,1001,Static Time-based,12776.0
gauss_markov,2.0,1001,AM-RL-LU (Q-learning),14584.0
gauss_markov,2.0,1001,AM-RL-LU (DQN),13334.0
gauss_markov,2.0,1002,Static Movement-based,11005.0
gauss_markov,2.0,1002,Static Distance-based,11005.0
gauss_markov,2.0,1002,Static Time-based,12405.0
gauss_markov,2.0,1002,AM-RL-LU (Q-learning),15023.0
gauss_markov,2.0,1002,AM-RL-LU (DQN),12599.0
gauss_markov,2.0,1003,Static Movement-based,10420.0
gauss_markov,2.0,1003,Static Distance-based,10420.0
gauss_markov,2.0,1003,Static Time-based,12020.0
gauss_markov,2.0,1003,AM-RL-LU (Q-learning),13892.0
gauss_markov,2.0,1003,AM-RL-LU (DQN),11514.0
gauss_markov,2.0,1004,Static Movement-based,11133.0
gauss_markov,2.0,1004,Static Distance-based,11133.0
gauss_markov,2.0,1004,Static Time-based,12363.0
gauss_markov,2.0,1004,AM-RL-LU (Q-learning),13717.0
gauss_markov,2.0,1004,AM-RL-LU (DQN),12159.0
gauss_markov,2.0,1005,Static Movement-based,10579.0
gauss_markov,2.0,1005,Static Distance-based,10579.0
gauss_markov,2.0,1005,Static Time-based,12139.0
gauss_markov,2.0,1005,AM-RL-LU (Q-learning),13219.0
gauss_markov,2.0,1005,AM-RL-LU (DQN),11731.0
gauss_markov,5.0,1001,Static Movement-based,21471.0
gauss_markov,5.0,1001,Static Distance-based,21471.0
gauss_markov,5.0,1001,Static Time-based,22681.0
gauss_markov,5.0,1001,AM-RL-LU (Q-learning),28017.0
gauss_markov,5.0,1001,AM-RL-LU (DQN),25123.0
gauss_markov,5.0,1002,Static Movement-based,20742.0
gauss_markov,5.0,1002,Static Distance-based,20742.0
gauss_markov,5.0,1002,Static Time-based,22142.0
gauss_markov,5.0,1002,AM-RL-LU (Q-learning),29836.0
gauss_markov,5.0,1002,AM-RL-LU (DQN),24460.0
gauss_markov,5.0,1003,Static Movement-based,19933.0
gauss_markov,5.0,1003,Static Distance-based,19933.0
gauss_markov,5.0,1003,Static Time-based,21533.0
gauss_markov,5.0,1003,AM-RL-LU (Q-learning),28873.0
gauss_markov,5.0,1003,AM-RL-LU (DQN),23295.0
gauss_markov,5.0,1004,Static Movement-based,21213.0
gauss_markov,5.0,1004,Static Distance-based,21213.0
gauss_markov,5.0,1004,Static Time-based,22443.0
gauss_markov,5.0,1004,AM-RL-LU (Q-learning),28683.0
gauss_markov,5.0,1004,AM-RL-LU (DQN),24795.0
gauss_markov,5.0,1005,Static Movement-based,19770.0
gauss_markov,5.0,1005,Static Distance-based,19770.0
gauss_markov,5.0,1005,Static Time-based,21330.0
gauss_markov,5.0,1005,AM-RL-LU (Q-learning),26070.0
gauss_markov,5.0,1005,AM-RL-LU (DQN),22806.0
